id,name,email,phone,province_id,district_id
1,1088,1088.1800@gmail.com,0953987960,24,561
2,Ba Con Mèo,bcm.1801@gmail.com,0945335583,24,561
3,Ac&m,acm.1802@gmail.com,0951745964,24,561
4,Ái Vân,av.1803@gmail.com,0939110529,24,561
5,Anh Dũng,ad.1804@gmail.com,0985373707,24,561
6,Anh Kiệt,ak.1805@gmail.com,0900061010,24,561
7,Anh Thư,at.1806@gmail.com,0951665511,24,561
8,Anh Tú,at.1807@gmail.com,0951847377,24,561
9,Axn,a.1808@gmail.com,0919165172,24,561
10,Bằng Kiều,bk.1809@gmail.com,0932631644,24,561
11,Bảo Hân,bh.1810@gmail.com,0907161950,24,561
12,Bảo Phúc,bp.1811@gmail.com,0994560303,24,561
13,Bảo Tuấn,bt.1812@gmail.com,0929127835,24,561
14,Bảo Yến,by.1813@gmail.com,0962846704,24,561
16,Bích Ngọc,bn.1815@gmail.com,0916757474,24,561
17,Bông Mai,bm.1816@gmail.com,0990444346,24,561
18,Bonneur Trinh,bt.1817@gmail.com,0913356077,24,561
19,Bửu Trung,bt.1818@gmail.com,0971084903,24,561
20,Cẩm Ly,cl.1819@gmail.com,0950817211,24,561
21,Cẩm Vân,cv.1820@gmail.com,0937235959,24,561
22,Cảnh Hàn,ch.1821@gmail.com,0974691957,24,561
23,Cao Thái Sơn,cts.1822@gmail.com,0966721953,24,561
24,Cát Tiên,ct.1823@gmail.com,0922415541,24,561
25,Châu Gia Kiệt,cgk.1824@gmail.com,0939037147,24,561
26,Châu Thanh,ct.1825@gmail.com,0975174048,24,561
27,Chế Linh,cl.1826@gmail.com,0919725258,24,561
28,Chế Thanh,ct.1827@gmail.com,0963624011,24,561
30,Chung Tử Lưu,ctl.1829@gmail.com,0939236245,24,561
31,Công Thành,ct.1830@gmail.com,0966454192,24,561
32,Đàm Vĩnh Hưng,dvh.1831@gmail.com,0999093948,24,561
33,Đan Huy,dh.1832@gmail.com,0997592959,24,561
34,Đan Trường,dt.1833@gmail.com,0914532937,24,561
35,Đăng Khôi,dk.1834@gmail.com,0961358343,24,561
36,Đăng Minh,dm.1835@gmail.com,0909919647,24,561
37,Đặng Trọng Vũ,dtv.1836@gmail.com,0961229409,24,561
38,Đặng Trường Phát,dtp.1837@gmail.com,0998796007,24,561
39,Diễm Liên,dl.1838@gmail.com,0927727486,24,561
40,Diệp Thanh Thanh,dtt.1839@gmail.com,0960095054,24,561
41,Đình Trí,dt.1840@gmail.com,0903255621,24,561
42,Đình Văn,dv.1841@gmail.com,0913344734,24,561
43,Đoan Thy,dt.1842@gmail.com,0994899193,24,561
44,Đoan Trang,dt.1843@gmail.com,0995491055,24,561
45,Don Hồ,dh.1844@gmail.com,0924655742,24,561
46,Đức Duy,dd.1845@gmail.com,0919036374,24,561
47,Đức Huy,dh.1846@gmail.com,0904638126,24,561
48,Đức Phương,dp.1847@gmail.com,0971345719,24,561
49,Duy Khánh,dk.1848@gmail.com,0952565625,24,561
50,Duy Linh,dl.1849@gmail.com,0984461835,24,561
51,Duy Mạnh,dm.1850@gmail.com,0923014362,24,561
52,Duy Quang,dq.1851@gmail.com,0950806717,24,561
53,Elvis Phương,ep.1852@gmail.com,0976418203,24,561
54,Gia Huy,gh.1853@gmail.com,0909385558,24,561
55,Giao Linh,gl.1854@gmail.com,0974394084,24,561
56,Gmc,g.1855@gmail.com,0980378518,24,561
57,Go On,go.1856@gmail.com,0953580620,24,561
58,H.a.t,h.1857@gmail.com,0928734606,24,561
59,Hà Phương,hp.1858@gmail.com,0924649284,24,561
60,Hạ Vy,hv.1859@gmail.com,0993941395,24,561
61,Hải Triều,ht.1861@gmail.com,0980834200,24,561
62,Hàn Thái Tú,htt.1862@gmail.com,0971340370,24,561
63,Hạnh Nguyên,hn.1863@gmail.com,0997775265,24,561
64,Hiền Thục,ht.1864@gmail.com,0980158214,24,561
65,Hồ Lệ Thu,hlt.1865@gmail.com,0949443313,24,561
66,Họa Mi,hm.1866@gmail.com,0949907210,24,561
67,Hoài Linh,hl.1867@gmail.com,0984272540,24,561
68,Hoài Nam,hn.1868@gmail.com,0979069281,24,561
69,Hoài Sơn,hs.1869@gmail.com,0992398490,24,561
70,Hoàng Châu,hc.1870@gmail.com,0951201908,24,561
71,Hoàng Lan,hl.1871@gmail.com,0980934569,24,561
72,Hoàng Nam,hn.1872@gmail.com,0989978140,24,561
73,Hoàng Oanh,ho.1873@gmail.com,0985214802,24,561
74,Hoàng Tâm,ht.1874@gmail.com,0995420736,24,561
75,Hoàng Thanh,ht.1875@gmail.com,0991785793,24,561
76,Hồng Hạnh,hh.1876@gmail.com,0991534343,24,561
77,Hồng Ngọc,hn.1877@gmail.com,0902513600,24,561
78,Hồng Nhung,hn.1878@gmail.com,0926742289,24,561
79,Hứa Vĩ Văn,hvv.1879@gmail.com,0911770042,24,561
80,Hương Lan,hl.1880@gmail.com,0949114197,24,561
81,Huy Tâm,ht.1881@gmail.com,0999947194,24,561
82,Huy Vũ,hv.1882@gmail.com,0929623306,24,561
83,Jimmy Nguyễn,jmn.1883@gmail.com,0988994296,24,561
85,Johnny Dũng,jd.1885@gmail.com,0930309880,24,561
86,Kenny Thái,kt.1887@gmail.com,0968975126,24,561
87,Kevin Khoa,kk.1888@gmail.com,0910174533,24,561
88,Khả Tú,kt.1889@gmail.com,0978393497,24,561
89,Khắc Dũng,kd.1890@gmail.com,0997201927,24,561
90,Khang Chí Vỹ,kcv.1891@gmail.com,0999690365,24,561
91,Khánh Đăng,kd.1892@gmail.com,0968842870,24,561
92,Khánh Du,kd.1893@gmail.com,0977453883,24,561
93,Khánh Duy,kd.1894@gmail.com,0993550297,24,561
94,Khánh Hà,kh.1895@gmail.com,0975829640,24,561
95,Khánh Hoàng,kh.1896@gmail.com,0998625556,24,561
96,Phạm Khánh Hưng,pkh.1897@gmail.com,0924058730,24,561
97,Khánh Ly,kl.1898@gmail.com,0922844009,24,561
98,Khánh Ngọc,kn.1899@gmail.com,0949883101,24,561
99,Kiều Nga,kn.1900@gmail.com,0987202725,24,561
100,Kim Anh,ka.1901@gmail.com,0902439024,24,561
101,Kim Huyên,kh.1902@gmail.com,0966356549,24,561
102,La Sương Sương,lss.1904@gmail.com,0938274568,24,561
103,Lâm Chấn Huy,lch.1905@gmail.com,0942171764,24,561
104,Lâm Chí Khanh,lck.1906@gmail.com,0917908048,24,561
105,Lâm Hùng,lh.1907@gmail.com,0901687586,24,561
106,Lâm Minh,lm.1908@gmail.com,0932850305,24,561
107,Lâm Nhật Tiến,lnt.1909@gmail.com,0974273681,24,561
108,Lam Phương,lp.1910@gmail.com,0923912513,24,561
109,Lâm Thúy Vân,ltv.1911@gmail.com,0970253484,24,561
110,Lam Trường,lt.1912@gmail.com,0920546267,24,561
111,Lâm Vũ,lv.1913@gmail.com,0997998008,24,561
112,Lây Minh,lm.1914@gmail.com,0981346093,24,561
113,Lê Dung,ld.1915@gmail.com,0920630769,24,561
114,Lê Dũng,ld.1916@gmail.com,0979250408,24,561
115,Lê Huỳnh,lh.1917@gmail.com,0924897546,24,561
116,Lệ Quyên,lq.1918@gmail.com,0959478866,24,561
117,Lê Tâm,lt.1919@gmail.com,0904159418,24,561
118,Lệ Thuỷ,lt.1920@gmail.com,0949023863,24,561
119,Lê Toàn,lt.1921@gmail.com,0942179267,24,561
120,Lê Uyên Nhi,lun.1922@gmail.com,0930116649,24,561
121,Lê Uyên Phương,lup.1923@gmail.com,0983283911,24,561
122,Linda Trang Đài,ltd.1924@gmail.com,0981088415,24,561
123,Loan Châu,lc.1925@gmail.com,0991200389,24,561
124,Long Nhật,ln.1926@gmail.com,0943945315,24,561
125,Lương Gia Huy,lgh.1927@gmail.com,0970354360,24,561
126,Lương Tùng Quang,ltq.1928@gmail.com,0994690839,24,561
127,Lưu Bích,lb.1929@gmail.com,0956951210,24,561
128,Lưu Chí Vỹ,lcv.1930@gmail.com,0920052041,24,561
129,Lưu Gia Bảo,lgb.1931@gmail.com,0992378438,24,561
130,Lưu Minh Thắng,lmt.1932@gmail.com,0979777864,24,561
131,Lý Hải,lh.1933@gmail.com,0983052981,24,561
132,Lý Thái Sơn,lts.1934@gmail.com,0929002980,24,561
133,Mạnh Đình,md.1936@gmail.com,0996766786,24,561
134,Mạnh Quỳnh,mq.1937@gmail.com,0989460420,24,561
135,Mắt Ngọc,mn.1938@gmail.com,0963438347,24,561
136,Minh Quân,mq.1939@gmail.com,0957640436,24,561
137,Minh Thư,mt.1940@gmail.com,0962014366,24,561
138,Minh Thuận,mt.1941@gmail.com,0906962027,24,561
139,Minh Trí,mt.1942@gmail.com,0925273692,24,561
140,Minh Tuyết,mt.1943@gmail.com,0910902103,24,561
141,Minh Vương,mv.1944@gmail.com,0990024066,24,561
142,Mộng Thi,mt.1945@gmail.com,0904852810,24,561
143,Mtv,m.1946@gmail.com,0935827099,24,561
144,Mỹ Hạnh,mh.1947@gmail.com,0988574470,24,561
145,Mỹ Huyền,mh.1948@gmail.com,0930838969,24,561
146,Mỹ Lệ,ml.1949@gmail.com,0950589304,24,561
147,Mỹ Linh,ml.1950@gmail.com,0957085451,24,561
148,Mỹ Tâm,mt.1951@gmail.com,0924301435,24,561
149,Mỹ Tiên,mt.1952@gmail.com,0966016299,24,561
150,Nghi Văn,nv.1953@gmail.com,0936953913,24,561
151,Ngô Thanh Vân,ntv.1954@gmail.com,0986901575,24,561
152,Ngô Quốc Linh,ntm.1955@gmail.com,0986927836,24,561
153,Ngọc Anh,na.1956@gmail.com,0937492396,24,561
154,Ngọc Ánh,na.1957@gmail.com,0959666875,24,561
155,Ngọc Bích,nb.1958@gmail.com,0908528160,24,561
156,Ngọc Châu,nc.1959@gmail.com,0916934205,24,561
157,Ngọc Hạ,nh.1960@gmail.com,0987823709,24,561
158,Ngọc Hải,nh.1961@gmail.com,0927564923,24,561
159,Ngọc Hân,nh.1962@gmail.com,0947208973,24,561
160,Ngọc Hồ,nh.1963@gmail.com,0904930842,24,561
161,Ngọc Huệ,nh.1964@gmail.com,0905572415,24,561
162,Ngọc Hương,nh.1965@gmail.com,0980374391,24,561
163,Ngọc Huyền,nh.1966@gmail.com,0921024098,24,561
164,Ngọc Lan,nl.1967@gmail.com,0901850883,24,561
165,Ngọc Sơn,ns.1968@gmail.com,0900495836,24,561
166,Ngọc Thúy,nt.1969@gmail.com,0973903355,24,561
167,Kim Tử Long,ktl.1971@gmail.com,0903729001,24,561
168,Mây Trắng,mt.1972@gmail.com,0989996024,24,561
169,Nguyễn Đức,nd.1973@gmail.com,0987164915,24,561
170,Nguyễn Hưng,nh.1974@gmail.com,0985877290,24,561
171,Nguyễn Khang,nk.1975@gmail.com,0942638119,24,561
172,Nguyễn Lộc,nl.1976@gmail.com,0931670315,24,561
173,Nguyễn Phi Hùng,nph.1977@gmail.com,0996365603,24,561
174,Nguyễn Thắng,nt.1978@gmail.com,0937681563,24,561
175,Nguyên Vũ,nv.1979@gmail.com,0922201379,24,561
177,Nhã Phương,np.1981@gmail.com,0920460710,24,561
178,Nhã Thanh,nt.1982@gmail.com,0938961488,24,561
179,Nhật Hào,nh.1983@gmail.com,0931060277,24,561
180,Nhật Thực,nt.1984@gmail.com,0934594173,24,561
181,Nhật Tinh Anh,nta.1985@gmail.com,0948696645,24,561
182,Nhật Trung,nt.1986@gmail.com,0953571272,24,561
183,Nhật Trường,nt.1987@gmail.com,0924941467,24,561
184,Nini Khanh,nnk.1989@gmail.com,0957727458,24,561
185,Phạm Thanh Thảo,ptt.1990@gmail.com,0949340263,24,561
186,Phan Đinh Tùng,pdt.1991@gmail.com,0931077058,24,561
187,Phi Nhung,pn.1992@gmail.com,0968163850,24,561
188,Phi Thúy Hạnh,pth.1993@gmail.com,0954006580,24,561
189,Phong Đạt,pd.1994@gmail.com,0928407018,24,561
190,Phương Diễm Hạnh,pdh.1995@gmail.com,0918031846,24,561
191,Phương Dung,pd.1996@gmail.com,0990506992,24,561
192,Phương Hồng Quế,phq.1997@gmail.com,0935311208,24,561
193,Phương Lam,pl.1998@gmail.com,0981504146,24,561
194,Phượng Mai,pm.1999@gmail.com,0998543267,24,561
195,Phương Thanh,pt.2000@gmail.com,0944852595,24,561
197,Quách Thành Danh,qtd.2002@gmail.com,0955990492,24,561
198,Quách Tuấn Du,qtd.2003@gmail.com,0947952406,24,561
199,Quang Dũng,qd.2004@gmail.com,0963081487,24,561
200,Quang Hà,qh.2005@gmail.com,0913046802,24,561
201,Quang Lê,ql.2006@gmail.com,0940875069,24,561
202,Quang Linh,ql.2007@gmail.com,0986444746,24,561
203,Quang Vinh,qv.2008@gmail.com,0952531272,24,561
204,Quỳnh Lan,ql.2009@gmail.com,0975103350,24,561
205,Sắc Màu,sm.2010@gmail.com,0974767027,24,561
206,Sao Mai,sm.2011@gmail.com,0937656335,24,561
207,Shayla,s.2012@gmail.com,0967170130,24,561
208,Sĩ Phú,sp.2013@gmail.com,0997045156,24,561
209,Siu Black,sb.2014@gmail.com,0927920205,24,561
210,Sơn Ca,sc.2015@gmail.com,0931998101,24,561
211,Sơn Tuyền,st.2016@gmail.com,0971955204,24,561
212,Sỹ Đan,sd.2017@gmail.com,0961856933,24,561
213,Tam Ca 3a,tc3.2018@gmail.com,0955168688,24,561
214,Tam Ca Áo Trắng,tcat.2019@gmail.com,0914009990,24,561
215,Tâm Đoan,td.2020@gmail.com,0906758666,24,561
216,Tấn Minh,tm.2021@gmail.com,0923300422,24,561
217,Techno,tn.2022@gmail.com,0948814524,24,561
218,Thái Châu,tc.2023@gmail.com,0919979126,24,561
219,Thái Hiền,th.2024@gmail.com,0975414108,24,561
220,Thái Tài,tt.2025@gmail.com,0973266784,24,561
221,Thanh Hà,th.2026@gmail.com,0904192261,24,561
222,Thanh Kim Huệ,tkh.2027@gmail.com,0982594692,24,561
223,Thanh Lam,tl.2028@gmail.com,0982863512,24,561
224,Thanh Lan,tl.2029@gmail.com,0923597703,24,561
225,Thành Lộc,tl.2030@gmail.com,0931269884,24,561
226,Thanh Long,tl.2031@gmail.com,0955690610,24,561
227,Thanh Thanh,tt.2032@gmail.com,0983269467,24,561
228,Thanh Thảo,tt.2033@gmail.com,0934494833,24,561
229,Thanh Thu,tt.2034@gmail.com,0978213982,24,561
230,Thanh Thúy,tt.2035@gmail.com,0932878102,24,561
231,Thanh Trúc,tt.2036@gmail.com,0992206497,24,561
232,Thanh Tuyền,tt.2037@gmail.com,0910246302,24,561
233,Thảo My,tm.2038@gmail.com,0924006608,24,561
234,The Bells,tb.2039@gmail.com,0933623979,24,561
235,Thế Sơn,ts.2040@gmail.com,0961282048,24,561
236,Thiên Đăng,td.2041@gmail.com,0933295454,24,561
237,Thiên Kim,tk.2042@gmail.com,0924400770,24,561
238,Thiên Phượng,tp.2043@gmail.com,0995758794,24,561
239,Thiên Trang,tt.2044@gmail.com,0977788637,24,561
240,Thiên Trường Địa Hải,ttdh.2045@gmail.com,0985476933,24,561
241,Thu Hà,th.2046@gmail.com,0939253354,24,561
242,Thu Hiền,th.2047@gmail.com,0990972663,24,561
243,Thu Minh,tm.2048@gmail.com,0901346483,24,561
244,Thu Phương,tp.2049@gmail.com,0988914773,24,561
245,Thúy Diễm,td.2050@gmail.com,0900503170,24,561
246,Thùy Dung,td.2051@gmail.com,0938496819,24,561
247,Thúy Hằng,th.2052@gmail.com,0958252950,24,561
248,Thủy Tiên,tt.2053@gmail.com,0948480107,24,561
249,Thùy Trang,tt.2054@gmail.com,0949463063,24,561
250,Tiến Dũng,td.2055@gmail.com,0942206877,24,561
251,Tô Chấn Phong,tcp.2057@gmail.com,0933279526,24,561
252,Tô Phương Trang,tpt.2058@gmail.com,0976835107,24,561
253,Tommy Ngô,tn.2059@gmail.com,0926686789,24,561
255,Trần Đức,td.2061@gmail.com,0928081320,24,561
256,Trần Tâm,tt.2062@gmail.com,0902877426,24,561
257,Trần Thái Hoà,tth.2063@gmail.com,0995776801,24,561
258,Trần Tiến,tt.2064@gmail.com,0984944637,24,561
259,Trang Thanh Lan,ttl.2065@gmail.com,0944414411,24,561
260,Triệu Hoàng,th.2066@gmail.com,0970929087,24,561
261,Trịnh Nam Sơn,tns.2067@gmail.com,0983426136,24,561
262,Trio 666,t6.2068@gmail.com,0910739876,24,561
263,Trish Thùy Trang,ttt.2069@gmail.com,0903230130,24,561
264,Trọng Phúc,tp.2070@gmail.com,0905358615,24,561
265,Trọng Tấn,tt.2071@gmail.com,0979419498,24,561
266,Trương Chí Dũng,tcd.2072@gmail.com,0957948588,24,561
267,Trương Đan Huy,tdh.2073@gmail.com,0929295293,24,561
268,Trường Hiệp,th.2074@gmail.com,0985515697,24,561
270,Trương Vĩnh Toàn,tvt.2076@gmail.com,0912673876,24,561
271,Trường Vũ,tv.2077@gmail.com,0969407744,24,561
272,Tứ Ca Ngẫu Nhiên,tcnn.2078@gmail.com,0914427870,24,561
273,Từ Công Phụng,tcp.2079@gmail.com,0956708511,24,561
274,Tú Quyên,tq.2080@gmail.com,0943298027,24,561
275,Tuấn Đức,td.2081@gmail.com,0995367828,24,561
276,Tuấn Hưng,th.2082@gmail.com,0907040946,24,561
277,Tuấn Khang,tk.2083@gmail.com,0955953413,24,561
278,Tuấn Ngọc,tn.2084@gmail.com,0959155793,24,561
279,Tuấn Vũ,tv.2085@gmail.com,0959164866,24,561
280,Tuấn Vỹ,tv.2086@gmail.com,0999848991,24,561
281,Tường Nguyên,tn.2087@gmail.com,0925944002,24,561
282,Ty My Ty,tmt.2088@gmail.com,0926223458,24,561
283,Ưng Hoàng Phúc,uhp.2089@gmail.com,0987110891,24,561
284,Uyên Trang,ut.2090@gmail.com,0980781970,24,561
285,Vân Quang Long,vql.2091@gmail.com,0931563121,24,561
286,Vân Trường,vt.2092@gmail.com,0953549423,24,561
287,Việt Quang,vq.2093@gmail.com,0915991461,24,561
288,Anh Khoa,ak.2094@gmail.com,0904468304,24,561
289,Vũ Hà,vh.2095@gmail.com,0933178395,24,561
290,Vũ Khanh,vk.2096@gmail.com,0961480885,24,561
291,Vũ Luân,vl.2097@gmail.com,0978660680,24,561
292,Vũ Trâm Anh,vta.2098@gmail.com,0939233054,24,561
293,Vũ Vân,vv.2099@gmail.com,0906944775,24,561
295,Ý Lan,yl.2101@gmail.com,0949387064,24,561
296,Yến Khoa,yk.2102@gmail.com,0905542242,24,561
297,Yến Phương,yp.2103@gmail.com,0953543951,24,561
298,Kỳ Duyên,kd.2104@gmail.com,0958159921,24,561
299,Trần Thu Hà,tth.2105@gmail.com,0964853247,24,561
300,Lệ Thu,lt.2106@gmail.com,0900687369,24,561
301,Điền Thái Toàn,dtt.2107@gmail.com,0985240106,24,561
303,Mỹ Linh 1,ml.2109@gmail.com,0971831875,24,561
304,Anh Thơ,at.2110@gmail.com,0915826033,24,561
305,Ánh Tuyết,at.2111@gmail.com,0943998520,24,561
306,Bích Việt,bv.2112@gmail.com,0944544325,24,561
307,Cao Minh,cm.2113@gmail.com,0948818145,24,561
308,Chí Linh,cl.2114@gmail.com,0904584552,24,561
310,Hồ Quỳnh Hương,hqh.2116@gmail.com,0949911276,24,561
311,Lan Ngọc,ln.2117@gmail.com,0965562701,24,561
312,Linh Tâm,lt.2118@gmail.com,0967729703,24,561
314,Phi Khanh,pk.2120@gmail.com,0988361140,24,561
315,Phương Trinh,pt.2121@gmail.com,0911310027,24,561
316,Quang Thọ,qt.2122@gmail.com,0917524197,24,561
317,Quý Dương,qd.2123@gmail.com,0952379056,24,561
318,Thu Thủy,tt.2124@gmail.com,0941167937,24,561
319,Tịnh Quyên,tq.2125@gmail.com,0967632490,24,561
320,Trung Đức,td.2126@gmail.com,0971486375,24,561
321,Trung Hậu,th.2127@gmail.com,0903542833,24,561
322,Trung Kiên,tk.2128@gmail.com,0943984707,24,561
324,Như Loan,nl.2130@gmail.com,0996582685,24,561
325,D&d,d.2131@gmail.com,0956513897,24,561
326,Ni Ni,nn.2132@gmail.com,0997992106,24,561
327,Lương Bằng Quang,lbq.2133@gmail.com,0982255021,24,561
328,Lương Bích Hữu,lbh.2134@gmail.com,0921519830,24,561
329,Mbk,m.2135@gmail.com,0929481763,24,561
330,Phạm Quỳnh Anh,pqa.2136@gmail.com,0925040735,24,561
332,Lâm Gia Minh,lgm.2138@gmail.com,0984967668,24,561
333,Huy Mc,hm.2139@gmail.com,0941316742,24,561
334,Hải Anh,ha.2140@gmail.com,0905807373,24,561
335,Hương Thủy,ht.2141@gmail.com,0907765197,24,561
336,Thùy Hương,th.2142@gmail.com,0945763935,24,561
337,Ánh Minh,am.2143@gmail.com,0991979809,24,561
338,Andy Quách,aq.2144@gmail.com,0988482212,24,561
339,Dạ Nhật Yến,dny.2145@gmail.com,0923128137,24,561
340,Anh Tiến,at.2146@gmail.com,0936633296,24,561
341,Ngọc Minh,nm.2147@gmail.com,0966474615,24,561
343,Quách An An,qaa.2149@gmail.com,0992113331,24,561
344,Hồng Trúc,ht.2150@gmail.com,0993796601,24,561
345,Như Mai,nm.2152@gmail.com,0936613593,24,561
346,Abba,a.2153@gmail.com,0960337723,24,561
347,Air Supply,as.2154@gmail.com,0913562697,24,561
349,98degrees,d.2156@gmail.com,0924481557,24,561
350,Aceofbase,aob.2157@gmail.com,0970177786,24,561
351,Aero Smith,as.2158@gmail.com,0926308203,24,561
352,Amy Grant,ag.2159@gmail.com,0958808040,24,561
353,Aqua,a.2160@gmail.com,0982336547,24,561
354,Babyface,b.2161@gmail.com,0933728326,24,561
355,Bsb,btb.2162@gmail.com,0967267988,24,561
356,Bangles,b.2163@gmail.com,0967139509,24,561
357,Bee Gees,bg.2164@gmail.com,0931337074,24,561
359,Bryanadams,ba.2167@gmail.com,0925654613,24,561
360,Carpenters,c.2168@gmail.com,0930675564,24,561
361,Celinedion,cld.2169@gmail.com,0996772640,24,561
363,Danhill,d.2171@gmail.com,0982879049,24,561
364,Elton John,ej.2172@gmail.com,0958839998,24,561
365,Emilia,e.2173@gmail.com,0998287607,24,561
366,Evita,e.2174@gmail.com,0971887137,24,561
369,Garybarlow,gb.2177@gmail.com,0982204873,24,561
371,Jewel,j.2179@gmail.com,0904444352,24,561
372,Johndenver,jd.2180@gmail.com,0980235738,24,561
374,Lobo,l.2182@gmail.com,0969583373,24,561
375,M2m,mtm.2183@gmail.com,0917669858,24,561
377,Madonna,m.2185@gmail.com,0939108806,24,561
379,Oscar,o.2188@gmail.com,0990523112,24,561
382,Thebeatles,tb.2191@gmail.com,0905224563,24,561
383,U2,u.2192@gmail.com,0912228402,24,561
386,Y Zak,yz.2196@gmail.com,0997128138,24,561
387,Leo Sayer,ls.2197@gmail.com,0942226258,24,561
389,Tố Nga,tn.2199@gmail.com,0986261040,24,561
390,Trademark,t.2200@gmail.com,0971234170,24,561
391,Xuân Hồng,xh.2201@gmail.com,0982055254,24,561
392,Xuân Mai,xm.2202@gmail.com,0940757529,24,561
393,Cát Trắng,ct.2203@gmail.com,0942353424,24,561
395,Dân Ca,dc.2206@gmail.com,0912506921,24,561
396,Disco,d.2207@gmail.com,0967914877,24,561
397,Philip Huy,ph.2208@gmail.com,0998834175,24,561
398,Lê Trí,lt.2209@gmail.com,0980754083,24,561
399,Thu Thuỷ 1,tt.2211@gmail.com,0923700170,24,561
400,Vũ Quốc Việt,vqv.2212@gmail.com,0995126295,24,561
401,Kim Tiểu Long,ktl.2214@gmail.com,0990330867,24,561
402,Nguyễn Hoàng Nam,nhn.2215@gmail.com,0963253612,24,561
403,Ngô Mai Trang,nmt.2216@gmail.com,0930769867,24,561
404,Phú Quang,pq.2217@gmail.com,0977484707,24,561
405,Quốc Đại,qd.2218@gmail.com,0982732110,24,561
406,Vũ Nhật Thành,vnt.2219@gmail.com,0929309628,24,561
407,All 4 One,afo.2220@gmail.com,0964732866,24,561
408,Anh Khôi,ak.2221@gmail.com,0938703235,24,561
409,Anh Tuấn,at.2222@gmail.com,0935508408,24,561
410,Bích Tuyền,bt.2223@gmail.com,0912653398,24,561
411,Boyz 2 Men,btm.2224@gmail.com,0944991479,24,561
412,Cải Lương,cl.2225@gmail.com,0925812457,24,561
413,Cher,c.2226@gmail.com,0944710664,24,561
414,Christi Lê,cl.2227@gmail.com,0904080644,24,561
415,Dalena,d.2228@gmail.com,0968045785,24,561
416,Đăng Dương,dd.2230@gmail.com,0994879426,24,561
418,Eagles,e.2232@gmail.com,0903834710,24,561
420,Hoàng Thiên Long,htl.2234@gmail.com,0963938511,24,561
421,Henry Chúc,hc.2235@gmail.com,0982785173,24,561
422,Huyền Thoại,ht.2236@gmail.com,0941678472,24,561
424,Khang Bảo Hùng,kbh.2238@gmail.com,0927665866,24,561
425,Kim Minh Huy,kmh.2239@gmail.com,0915951832,24,561
426,Khánh Linh,kl.2240@gmail.com,0913281476,24,561
427,Kiều Hưng,kh.2241@gmail.com,0970174454,24,561
428,Kỳ Anh,ka.2242@gmail.com,0958214634,24,561
429,Lâm Huy Lĩnh,lhl.2243@gmail.com,0974171626,24,561
430,Lệ Thu Thảo,ltt.2244@gmail.com,0908244301,24,561
431,Lan Anh,la.2245@gmail.com,0935109891,24,561
434,Mai Lệ Huyền,mlh.2248@gmail.com,0942422263,24,561
436,Mai Vy,mv.2250@gmail.com,0964475934,24,561
437,Nguyên Khương,nk.2251@gmail.com,0922239459,24,561
438,Ngọc Tân,nt.2252@gmail.com,0933504157,24,561
439,Phạm Huy Du,phd.2253@gmail.com,0942777897,24,561
440,Quang Lý,ql.2254@gmail.com,0909246058,24,561
441,Spice Girl,sg.2255@gmail.com,0956189618,24,561
442,Tạ Minh Tâm,tmt.2256@gmail.com,0936501925,24,561
443,Thái Phong Vũ,tpv.2257@gmail.com,0978368154,24,561
444,Tài Linh,tl.2258@gmail.com,0987653008,24,561
445,Tami Lê,tl.2259@gmail.com,0953629307,24,561
446,Thạch Thảo,tt.2260@gmail.com,0962385107,24,561
447,Thanh Hoa,th.2261@gmail.com,0922870599,24,561
448,Trí Hải,th.2262@gmail.com,0903065885,24,561
449,Dương Tuấn Khanh,tk.2263@gmail.com,0938019959,24,561
450,Tuấn Khoa,tk.2264@gmail.com,0936687402,24,561
451,Vân Quỳnh,vq.2266@gmail.com,0987426058,24,561
452,911,noo.2267@gmail.com,0996825205,24,561
454,Đức Long,dl.2269@gmail.com,0989855482,24,561
455,Dương Liễu,dl.2270@gmail.com,0923145909,24,561
456,Duy Hạnh,dh.2271@gmail.com,0981971554,24,561
457,Hà Cẩm Tú,hct.2272@gmail.com,0974459075,24,561
458,Hạ Lan,hl.2273@gmail.com,0930045843,24,561
459,Hà My,hm.2274@gmail.com,0983392459,24,561
460,Hằng Nga,hn.2275@gmail.com,0929768134,24,561
461,Lâm Quốc Hùng,lqh.2276@gmail.com,0909737163,24,561
462,Lệ Hằng,lh.2277@gmail.com,0971502899,24,561
463,Lily Huệ,lh.2278@gmail.com,0917570234,24,561
464,Minh Nhi,mn.2279@gmail.com,0981373227,24,561
465,Minh Thúy,mt.2280@gmail.com,0917767834,24,561
466,Mộng Ngọc,mn.2281@gmail.com,0901335589,24,561
467,Ngọc Đài,nd.2282@gmail.com,0910600930,24,561
468,Nguyễn Sơn,ns.2283@gmail.com,0927301548,24,561
469,Ông Nhật Khánh,onk.2284@gmail.com,0929554268,24,561
470,Thùy Dương,td.2285@gmail.com,0900284915,24,561
471,Trần Nguyên,tn.2286@gmail.com,0965053800,24,561
472,Vboys,v.2287@gmail.com,0958169535,24,561
473,Bảo Thy,bt.2288@gmail.com,0900090939,24,561
474,Minh Hà,mh.2289@gmail.com,0957646627,24,561
475,Lô Thủy,lt.2290@gmail.com,0925095691,24,561
476,Hương Giang,hg.2291@gmail.com,0919157945,24,561
477,Nhật Kim Anh,nka.2292@gmail.com,0978733867,24,561
479,Tô Thy Hằng,tth.2295@gmail.com,0943941824,24,561
480,Vĩnh Thuyên Kim,vtk.2296@gmail.com,0990230159,24,561
481,Quốc Dũng,qd.2297@gmail.com,0929040512,24,561
482,Quốc Hùng,qh.2298@gmail.com,0977167999,24,561
484,Quốc Tuấn,qt.2300@gmail.com,0937617031,24,561
485,Thanh Huyền,th.2301@gmail.com,0990179418,24,561
486,Thanh Hằng,th.2302@gmail.com,0959251125,24,561
487,Thanh Mai,tm.2303@gmail.com,0982124076,24,561
488,Akira Phan,ap.2306@gmail.com,0988749727,24,561
489,Minh Hằng,mh.2315@gmail.com,0907170246,24,561
490,Thùy Chi,tc.2316@gmail.com,0959863870,24,561
491,2b,hb.2326@gmail.com,0913345408,24,561
492,Bằng Cường,bc.2329@gmail.com,0915665884,24,561
493,Duy Khoa,dk.2330@gmail.com,0916348412,24,561
495,Đông Nhi,dn.2334@gmail.com,0948803472,24,561
496,Hà Anh Tuấn,hat.2335@gmail.com,0967232511,24,561
497,Hải Nguyên,hn.2336@gmail.com,0936157946,24,561
498,Hoàng Hải,hh.2337@gmail.com,0925919340,24,561
499,Hoàng Nghiệp,hn.2338@gmail.com,0998371724,24,561
500,Khánh Phương,kp.2341@gmail.com,0985885861,24,561
501,Lê Hiếu,lh.2343@gmail.com,0972149319,24,561
502,Ngô Kiến Huy,nkh.2348@gmail.com,0923444508,24,561
503,Ngô Trác Linh,ntl.2350@gmail.com,0974053959,24,561
504,Tần Khánh,tk.2351@gmail.com,0916896747,24,561
505,Tân Nhàn,tn.2352@gmail.com,0951370096,24,561
506,Tống Gia Vỹ,tgv.2353@gmail.com,0957503055,24,561
507,Ưng Đại Vệ,udv.2355@gmail.com,0936151955,24,561
508,Vũ Duy Khánh,vdk.2356@gmail.com,0995563711,24,561
509,Wanbi Tuấn Anh,wta.2357@gmail.com,0975650997,24,561
510,Chu Hiểu Minh,chm.2358@gmail.com,0951587232,24,561
511,Đinh Ứng Phi Trường,dupt.2359@gmail.com,0920997003,24,561
512,Dương Triệu Vũ,dtv.2360@gmail.com,0962263168,24,561
513,Hồ Ngọc Hà,hnh.2361@gmail.com,0999396748,24,561
514,Hoàng Hải Đăng,hhd.2362@gmail.com,0977056369,24,561
515,Hoàng Lê Vy,hlv.2363@gmail.com,0984271979,24,561
516,Hoàng Thùy Linh,htl.2364@gmail.com,0953095352,24,561
517,Khổng Tú Quỳnh,ktq.2365@gmail.com,0980865941,24,561
518,Kasim Hoàng Vũ,khv.2366@gmail.com,0996612502,24,561
519,Lâm Chấn Khang,lck.2367@gmail.com,0982227504,24,561
522,Mr.Siro,ms.2370@gmail.com,0913357376,24,561
523,Mỹ Dung,md.2371@gmail.com,0968851702,24,561
524,Nguyễn Đức Cường,ndc.2372@gmail.com,0910876387,24,561
525,Nam Cường,nc.2373@gmail.com,0946830916,24,561
526,Ngân Khánh,nk.2374@gmail.com,0900394164,24,561
527,Noo Phước Thịnh,npt.2375@gmail.com,0951619030,24,561
528,Phạm Nhật Huy,pnh.2376@gmail.com,0971009335,24,561
530,Phương Vy,pv.2378@gmail.com,0975383699,24,561
531,Quỳnh Nga,qn.2379@gmail.com,0971657561,24,561
533,Sỹ Luân,sl.2381@gmail.com,0929852044,24,561
534,Tim,t.2382@gmail.com,0917253086,24,561
535,Tô Minh Thắng,tmt.2383@gmail.com,0906687589,24,561
536,Tóc Tiên,tt.2384@gmail.com,0923314844,24,561
538,Như Quỳnh,nq.1988@gmail.com,0940670473,24,561
1239,Anh Khang,ak.2501@gmail.com,0920556722,24,561
1240,Bfb Band,bfb.2502@gmail.com,0957502424,24,561
1241,Châu Anh Trường,cat.2503@gmail.com,0983298387,24,561
1242,Châu Khải Phong,ckp.2504@gmail.com,0939662732,24,561
1243,Châu Việt Cường,cvc.2505@gmail.com,0925316788,24,561
1244,Chí Thiện,ct.2506@gmail.com,0966198086,24,561
1245,Đại Nhân,dn.2507@gmail.com,0949268246,24,561
1246,Đan Nguyên,dn.2508@gmail.com,0901989953,24,561
1247,Đinh Mạnh Ninh,dmn.2509@gmail.com,0949531600,24,561
1248,Hải Băng,hb.2510@gmail.com,0969599000,24,561
1249,Hkt Band,hkt.2511@gmail.com,0973508484,24,561
1250,Hồ Quang Hiếu,hqh.2512@gmail.com,0918150989,24,561
1251,Hòa Mi,hm.2513@gmail.com,0998762514,24,561
1252,Hoàng Bách,hb.2514@gmail.com,0904539929,24,561
1253,Khắc Việt,kv.2515@gmail.com,0900437398,24,561
1254,Khang Duy,kd.2516@gmail.com,0982898439,24,561
1255,Khánh Đơn,kd.2517@gmail.com,0933422540,24,561
1256,Khánh Trung,kt.2518@gmail.com,0940655012,24,561
1257,Khởi My,km.2519@gmail.com,0916886466,24,561
1259,Mai Phương,mp.2521@gmail.com,0925477172,24,561
1260,Minh Vương M4u,mv.2522@gmail.com,0996980258,24,561
1261,Nguyễn Hải Phong,nhp.2523@gmail.com,0990889502,24,561
1262,Ông Cao Thắng,oct.2524@gmail.com,0991809864,24,561
1263,Phạm Trưởng,pt.2525@gmail.com,0954018076,24,561
1264,Quang Mẫn,qm.2526@gmail.com,0958146096,24,561
1266,Saka Trương Tuyền,sktt.2528@gmail.com,0932106666,24,561
1267,The Men,tm.2529@gmail.com,0927961965,24,561
1268,Tina Tình,tt.2530@gmail.com,0917410195,24,561
1269,Trịnh Thăng Bình,ttb.2531@gmail.com,0967937422,24,561
1270,Trương Quỳnh Anh,tqa.2532@gmail.com,0902082397,24,561
1271,Trương Thế Vinh,ttv.2533@gmail.com,0997312529,24,561
1272,Văn Mai Hương,vmh.2534@gmail.com,0937565850,24,561
1273,Vĩ Mj,vm.2535@gmail.com,0916154354,24,561
1274,Vmusic,vm.2536@gmail.com,0993953499,24,561
1275,Vy Oanh,vo.2537@gmail.com,0981777577,24,561
1276,Vy Thúy Vân,vtv.2538@gmail.com,0930316101,24,561
1277,Xband,xb.2539@gmail.com,0979419259,24,561
1278,Yanbi,ya.2540@gmail.com,0933453440,24,561
1279,Băng Tâm,bt.2541@gmail.com,0916218879,24,561
1280,Dương Ngọc Thái,dnt.2542@gmail.com,0934720709,24,561
1281,Kevin Triệu,kt.2543@gmail.com,0923283537,24,561
1282,Lưu Kỳ Hương,lkh.2544@gmail.com,0914146905,24,561
1283,Miu Lê,ml.2545@gmail.com,0907803740,24,561
1284,Uyên Linh,ul.2546@gmail.com,0956146798,24,561
1285,365 Band,bsnb.2547@gmail.com,0953142484,24,561
1286,Ái Phương,ap.2548@gmail.com,0983972806,24,561
1288,Bích Phương,bp.2551@gmail.com,0948123992,24,561
1289,Bùi Anh Tuấn,bat.2552@gmail.com,0917311146,24,561
1290,Cao Tùng Anh,cta.2553@gmail.com,0990662908,24,561
1291,Chánh Mạnh,cm.2554@gmail.com,0949602889,24,561
1292,Chi Dân,cd.2555@gmail.com,0989691381,24,561
1293,Đào Bá Lộc,dbl.2556@gmail.com,0941130403,24,561
1294,Đỗ Xuân Sơn,dxs.2557@gmail.com,0915768333,24,561
1295,Du Thiên,dt.2558@gmail.com,0900566537,24,561
1296,Đức Tuấn,dt.2559@gmail.com,0912047771,24,561
1297,Dương 565,dnsn.2560@gmail.com,0973573646,24,561
1298,Giang Hồng Ngọc,ghn.2561@gmail.com,0936989736,24,561
1299,Hà Okio,ho.2562@gmail.com,0956643628,24,561
1300,Hồ Trung Dũng,htd.2563@gmail.com,0999144227,24,561
1301,Hồ Việt Trung,hvt.2564@gmail.com,0922869404,24,561
1302,Hoàng Lê Vi,hlv.2565@gmail.com,0932022179,24,561
1303,Hoàng Rapper,hr.2566@gmail.com,0913778730,24,561
1304,Hoàng Tôn,ht.2567@gmail.com,0952488556,24,561
1305,Hồng Dương M4u,hdm.2568@gmail.com,0973853195,24,561
1306,Hương Giang Idol,hgi.2569@gmail.com,0979901173,24,561
1307,Hương Tràm,ht.2570@gmail.com,0989948467,24,561
1308,Huỳnh Nhật Đông,hnd.2571@gmail.com,0975669719,24,561
1309,Justatee,j.2572@gmail.com,0979584926,24,561
1310,Lê Bảo Bình,lbb.2573@gmail.com,0969725326,24,561
1311,Lê Việt Anh,lva.2574@gmail.com,0949321155,24,561
1312,Lee Thiên Bảo,ltb.2575@gmail.com,0982541717,24,561
1313,Lều Phương Anh,lpa.2576@gmail.com,0937841096,24,561
1314,Lương Khánh Vy,lkv.2577@gmail.com,0981169786,24,561
1315,Lương Minh Trang,lmt.2578@gmail.com,0916784299,24,561
1316,Lưu Hương Giang,lhg.2579@gmail.com,0966570927,24,561
1317,Lý Hào Nam,lhn.2580@gmail.com,0934244629,24,561
1318,Lynk Lee,ll.2581@gmail.com,0915102522,24,561
1319,Mạnh Quân,mq.2582@gmail.com,0979525360,24,561
1320,Maya,my.2583@gmail.com,0964696476,24,561
1321,Nguyên Khôi,nk.2584@gmail.com,0908836949,24,561
1322,Pha Lê,pl.2585@gmail.com,0991121219,24,561
1323,Phạm Hồng Phước,php.2586@gmail.com,0938224216,24,561
1324,Phạm Phương Thảo,ppt.2587@gmail.com,0942577719,24,561
1325,Phương Linh,pl.2588@gmail.com,0939500476,24,561
1326,Phương Ý,py.2589@gmail.com,0999057344,24,561
1327,Sơn Tùng M-tp,st.2590@gmail.com,0921941858,24,561
1328,Tăng Nhật Tuệ,tnt.2591@gmail.com,0947623586,24,561
1329,Thanh Bùi,tb.2592@gmail.com,0929423766,24,561
1330,Thúy Khanh,tk.2593@gmail.com,0922291593,24,561
1331,Tiên Cookie,tck.2594@gmail.com,0947365657,24,561
1332,Trà My Idol,tmi.2595@gmail.com,0951189240,24,561
1333,Trần Tuấn Lương,ttl.2597@gmail.com,0967178703,24,561
1334,Trần Tùng Anh,tta.2598@gmail.com,0974879762,24,561
1335,Tùng Dương,td.2599@gmail.com,0996473540,24,561
1336,Việt Tú,vt.2600@gmail.com,0975725496,24,561
1337,Xuân Hảo,xh.2601@gmail.com,0902596224,24,561
1338,Yến Nhi,yn.2602@gmail.com,0998597756,24,561
1339,Yến Trang,tta.2603@gmail.com,0903903199,24,561
1340,Yuki Huy Nam,ykhn.2604@gmail.com,0915465179,24,561
1341,Bích Hồng,bh.2605@gmail.com,0932798348,24,561
1342,Cao Trung,ct.2606@gmail.com,0953069698,24,561
1343,Đinh Kiến Phong,dkp.2607@gmail.com,0997416727,24,561
1344,Hồ Quang 8,hqt.2608@gmail.com,0999832421,24,561
1345,Hoài Lâm,hl.2609@gmail.com,0955233254,24,561
1346,Hương Mơ,hm.2610@gmail.com,0914278645,24,561
1347,Ngọc Ký,nk.2611@gmail.com,0948698364,24,561
1348,Phan Mạnh Quỳnh,pmq.2612@gmail.com,0948991381,24,561
1349,Quốc Thiên,qt.2613@gmail.com,0907462144,24,561
1350,Trung Quân Idol,tqi.2614@gmail.com,0917759567,24,561
1351,Việt Hoàn,vh.2615@gmail.com,0956736931,24,561
1352,Vũ Cát Tường,vct.2616@gmail.com,0904328899,24,561
1353,Trịnh Đình Quang,tdq.2617@gmail.com,0918499409,24,561
1354,Đinh Hương,dh.2618@gmail.com,0962511041,24,561
1355,Tiêu Châu Như Quỳnh,tcnq.2619@gmail.com,0936142506,24,561
1356,Hamlet Trương,ht.2620@gmail.com,0908064987,24,561
1357,Tiên Tiên,tt.2621@gmail.com,0988868714,24,561
1358,Hà Thúy Anh,hta.2622@gmail.com,0983462919,24,561
1359,Lý Diệu Linh,ldl.2623@gmail.com,0962345119,24,561
1360,Lê Trọng Hiếu,lth.2624@gmail.com,0942766647,24,561
1361,Hari Won,hw.2625@gmail.com,0906247985,24,561
1362,Sơn Ngọc Minh,snm.2626@gmail.com,0949167248,24,561
1363,Thái Trinh,tt.2627@gmail.com,0988016679,24,561
1364,Dương Hồng Loan,dhl.2628@gmail.com,0908017834,24,561
1365,Đoàn Thúy Trang,dtt.2629@gmail.com,0956660849,24,561
1366,Song Thư,st.2630@gmail.com,0916111521,24,561
1367,Isaac,i.2631@gmail.com,0952080427,24,561
1369,Mai Quốc Huy,mqh.2633@gmail.com,0984855104,24,561
1370,Randy,rd.2634@gmail.com,0970449524,24,561
1371,Hồ Vĩnh Khoa,hvk.2635@gmail.com,0955799813,24,561
1372,Quang Hào,qh.2636@gmail.com,0932497140,24,561
1373,Onlyc,o.2637@gmail.com,0951752283,24,561
1374,Lương Nguyệt Anh,lna.2638@gmail.com,0965493843,24,561
1375,5 Dòng Kẻ,ndk.2639@gmail.com,0954241173,24,561
1376,La Thăng,lt.2640@gmail.com,0923388300,24,561
1377,Sky Nguyễn,sn.2641@gmail.com,0989204894,24,561
1378,Wendy Thảo,wt.2642@gmail.com,0930829971,24,561
1380,Quang Anh,qa.2644@gmail.com,0915002814,24,561
1381,Đoàn Việt Phương,dvp.2645@gmail.com,0968011369,24,561
1382,Nam Du,nd.2646@gmail.com,0912149975,24,561
1383,Trịnh Tuấn Vy,ttv.2647@gmail.com,0909983746,24,561
1384,Trương Khải Minh,tkm.2648@gmail.com,0941739256,24,561
1385,Cao Trung Hiếu,cth.2649@gmail.com,0989089921,24,561
1386,Nguyễn Thiện Nhân,ntn.2650@gmail.com,0926252144,24,561
1387,Vương Anh Tú,vat.2651@gmail.com,0930915575,24,561
1388,Phú Luân,pl.2652@gmail.com,0909536201,24,561
1389,Đoàn Bá Chí,dbc.2653@gmail.com,0995933135,24,561
1390,Trương Y Du,tyd.2654@gmail.com,0922900634,24,561
1391,Thái Quang,tq.2655@gmail.com,0964585733,24,561
1392,Hà Duy Thái,hdt.2656@gmail.com,0903644130,24,561
1393,Lưu Quang Anh,lqa.2657@gmail.com,0939866601,24,561
1394,Nhật Hoàng Tân,nht.2658@gmail.com,0973245258,24,561
1395,Trip Hậu,th.2659@gmail.com,0949190278,24,561
1396,Thành Đại Siêu,tds.2660@gmail.com,0918618515,24,561
1397,Ka Như Ngọc,knn.2661@gmail.com,0992403062,24,561
1398,Như Ý,ny.2662@gmail.com,0946790911,24,561
1399,New Star,ns.2663@gmail.com,0914602358,24,561
1400,Alo Band,ab.2664@gmail.com,0909364844,24,561
1401,Khánh Phong,kp.2665@gmail.com,0983910256,24,561
1402,Nguyên Hy,nh.2666@gmail.com,0992089577,24,561
1403,Bigdaddy,b.2667@gmail.com,0973649425,24,561
1404,Soobin Hoàng Sơn,shs.2668@gmail.com,0938149002,24,561
1405,Nguyễn Đình Vũ,ndv.2669@gmail.com,0950300841,24,561
1406,Bảo Trâm,bt.2670@gmail.com,0944201634,24,561
1407,Thanh Ngọc,tn.2671@gmail.com,0947376385,24,561
1408,Hand Leajung ,hl.2672@gmail.com,0983956090,24,561
1409,Duyên Anh Idol,dai.2673@gmail.com,0933542499,24,561
1410,Ngô Huy Đồng,nhd.2674@gmail.com,0908024408,24,561
1411,Giáng Tiên,gt.2675@gmail.com,0928573531,24,561
1412,Minh Trang Lyly,mtl.2676@gmail.com,0950297984,24,561
1413,Lưu Minh Tuấn,lmt.2677@gmail.com,0938092359,24,561
1414,Ngọc Liên,nl.2678@gmail.com,0957784848,24,561
1415,Kevin Rogers,kr.2679@gmail.com,0904152138,24,561
1416,Khánh Dung,kd.2680@gmail.com,0983166843,24,561
1417,Fm,f.2681@gmail.com,0987342274,24,561
1418,Hòa Minzy,hm.2682@gmail.com,0976342618,24,561
1419,Bee T,bt.2683@gmail.com,0924767640,24,561
1420,Trần Thái Hòa,tth.2684@gmail.com,0909694348,24,561
1421,Lam Trang,lt.2685@gmail.com,0967741353,24,561
1422,Sy Thanh,st.2686@gmail.com,0905033692,24,561
1423,Addy Trần,at.2687@gmail.com,0979982737,24,561
1424,Vũ Thảo My,vtm.2688@gmail.com,0973505771,24,561
1425,Phan Ngọc Luân,pnl.2689@gmail.com,0937703475,24,561
1426,Hồ Quang Lộc,hql.2690@gmail.com,0971233533,24,561
1427,Nhất Minh,nm.2691@gmail.com,0996575496,24,561
1428,Trường Sơn,ts.2692@gmail.com,0939193081,24,561
1429,Artista Band,ab.2693@gmail.com,0945137724,24,561
1430,Hoàng Sky,hs.2694@gmail.com,0978061221,24,561
1431,Tam Hổ,th.2695@gmail.com,0941146981,24,561
1432,Huỳnh Nguyễn Công Bằng ,hncb.2696@gmail.com,0959209570,24,561
1433,Lil Shady,ls.2697@gmail.com,0950326874,24,561
1434,Trịnh Thiên Ân,tta.2698@gmail.com,0955588083,24,561
1435,Lam Anh,la.2699@gmail.com,0911307899,24,561
1436,Emily,e.2700@gmail.com,0961434864,24,561
1437,Đào Phi Dương,dpd.2701@gmail.com,0975432353,24,561
1438,Dương Hoàng Yến,dhy.2702@gmail.com,0926176095,24,561
1439,Hồ Hoàng Yến,hhy.2703@gmail.com,0981938032,24,561
1440,Duy Trường,dt.2704@gmail.com,0930286175,24,561
1441,Mai Thiên Vân,mtv.2705@gmail.com,0953685306,24,561
1442,Chế Phong,cp.2706@gmail.com,0931969996,24,561
1443,Quế Vân,qv.2707@gmail.com,0904669403,24,561
1444,Quốc Hưng,qh.2708@gmail.com,0904247165,24,561
1445,Quỳnh Vi,qv.2709@gmail.com,0976225027,24,561
1446,Phương My Chi,pmc.2710@gmail.com,0902911448,24,561
1447,Trúc Nhân,tn.2711@gmail.com,0961018468,24,561
1448,Lưu Ánh Loan,lal.2712@gmail.com,0919591114,24,561
1449,Khánh Lâm,kl.2713@gmail.com,0951020305,24,561
1450,Mai Tiến Dũng,mtd.2714@gmail.com,0961913733,24,561
1451,Tạ Quang Thắng,tqt.2715@gmail.com,0941255730,24,561
1452,Lk,l.2716@gmail.com,0975408042,24,561
1453,Hà Thanh Xuân,htx.2717@gmail.com,0909808603,24,561
1454,Xuân Nghi,xn.2718@gmail.com,0958730176,24,561
1455,Phúc Bồ,pb.2719@gmail.com,0949238336,24,561
1456,Châu Khánh Hà,ckh.2720@gmail.com,0994208216,24,561
1457,Kavie Trần,kt.2721@gmail.com,0977222262,24,561
1458,Thái Xuân Anh,txa.2722@gmail.com,0986306623,24,561
1459,Nipe,n.2723@gmail.com,0976122522,24,561
1460,Hy Khang,hk.2724@gmail.com,0993581995,24,561
1461,Hoài Anh Kiệt,hak.2725@gmail.com,0976346888,24,561
1462,Phạm Bảo Nam,pbn.2726@gmail.com,0980800720,24,561
1463,Leg,l.2727@gmail.com,0969293854,24,561
1464,Mpkh,m.2728@gmail.com,0911572338,24,561
1465,Trang Pháp,tp.2729@gmail.com,0908239165,24,561
1466,Khang Việt,kv.2730@gmail.com,0996018161,24,561
1467,Đông Hùng,dh.2731@gmail.com,0994227754,24,561
1468,Mun Phạm,mp.2732@gmail.com,0925425623,24,561
1469,Đông Nghi,dn.2733@gmail.com,0921923710,24,561
1470,Quách Beem,qb.2734@gmail.com,0915376763,24,561
5004,She,she.5004@gmail.com,0985252766,24,561
5656,Westlife,w.5656@gmail.com,0963564632,24,561
5681,Lionel Richie,lr.5681@gmail.com,0976502930,24,561
5686,Boyzone,boyzo.5686@gmail.com,0940350663,24,561
6136,Tata Young,ty.6136@gmail.com,0950333718,24,561
6168,Blondie,b.6168@gmail.com,0989344320,24,561
6868,Pink,p.6868@gmail.com,0987185144,24,561
6873,Sweetbox,s.6873@gmail.com,0980766061,24,561
